Cuenta;Nombre;Apellidos;Nombres;Descripcion;Oficina;Telefono;Email;Titulo;Departamento;Compania;Ciudad;Estado;Clave
maidorya;Maida Zavela Orozco Yaruro;Orozco Yaruro;Maida Zavela;Lider Plataforma windows;CEOH;108;mzorozco@labti.local;Lider IT;Infraestructura Tecnologica;EntrenamientoTI;Medellin;;Entrenamiento.*
adrigogo;Adriana Gomez;Gomez;Adriana;Lider Plataforma windows;CEOH;115;agomezgo@labti.local;Lider IT;Infraestructura Tecnologica;EntrenamientoTI;Medellin;;Entrenamiento.*
glormedu;Gloria Ivonne Mesa Durango;Mesa Durango;Gloria Ivonne;Lider Plataforma windows;CEOH;41656;gmesa@labti.local;Lider IT;Infraestructura Tecnologica;EntrenamientoTI;Medellin;;Entrenamiento.*
martjado;Marta Lucia Jamis Dow;Jamis Dow;Marta Lucia;Lider Plataforma Linux;CEOH;51430;mjamis@labti.local;Lider IT;Infraestructura Tecnologica;EntrenamientoTI;Medellin;;Entrenamiento.*
beatwoqu;Beatriz Elena Wolff Quintero;Wolff Quintero;Beatriz Elena;Lider Plataforma windows;CEOH;41507;bwolf@labti.local;Lider IT;Infraestructura Tecnologica;EntrenamientoTI;Medellin;;Entrenamiento.*
marijamo;Maria Clara Jaquet Montoya;Jaquet Montoya;Maria Clara;Lider Plataforma windows;CEOH;41443;mJaquet@labti.local;Lider IT;Infraestructura Tecnologica;EntrenamientoTI;Medellin;;Entrenamiento.*
ivanagar;Ivan Guillermo Aguirre Arenas;Aguirre Arenas;Ivan Guillermo;Lider Plataforma windows;CEM Bogota;44629;iaguirre@labti.local;Lider IT;Infraestructura Tecnologica;EntrenamientoTI;Bogota;;Entrenamiento.*
maryloni;Mary Luz Lopez Nieto;Lopez Nieto;Mary Luz;Lider Plataforma Linux;CEM Bogota;41623;mllopez@labti.local;Lider IT;Infraestructura Tecnologica;EntrenamientoTI;Bogota;;Entrenamiento.*
marirovi;Marisa Brunella Roncarolo Vivaldi;Roncarolo Vivaldi;Marisa Brunella;Lider Plataforma Linux;CEM Bogota;106;mroncarolo@labti.local;Lider IT;Infraestructura Tecnologica;EntrenamientoTI;Bogota;;Entrenamiento.*
adribeac;Adriana Maria Betancur Acosta;Betancur Acosta;Adriana Maria;Soporte Nivel 1;CEOH;41366;ambetancur@labti.local;Soporte usuario final;Soporte usuario Final;EntrenamientoTI;Medellin;;Entrenamiento.*
angegibo;Angela Maria Giraldo Bonilla;Giraldo Bonilla;Angela Maria;Soporte Nivel 1;CEOH;17082;agiraldob@labti.local;Soporte usuario final;Soporte usuario Final;EntrenamientoTI;Medellin;;Entrenamiento.*
catametb;Catalina Mejia Tobon;Mejia Tobon;Catalina;Soporte Nivel 1;CEOH;45336;cmejia@labti.local;Soporte usuario final;Soporte usuario Final;EntrenamientoTI;Medellin;;Entrenamiento.*
paulguhe;Paula Andrea Guzman Henao;Guzman Henao;Paula Andrea;Soporte Nivel 1;CEOH;41326;pguzman@labti.local;Soporte usuario final;Soporte usuario Final;EntrenamientoTI;Medellin;;Entrenamiento.*
juanvipa;Juan Carlos Villaveces Pardo;Villaveces Pardo;Juan Carlos;Soporte Nivel 1;CEOH;102;jvillaveces@labti.local;Soporte usuario final;Soporte usuario Final;EntrenamientoTI;Medellin;;Entrenamiento.*
elizmoro;Elizabeth Moreno Romero;Moreno Romero;Elizabeth;Soporte Nivel 1;CEOH;12210;emoreno@labti.local;Soporte usuario final;Soporte usuario Final;EntrenamientoTI;Medellin;;Entrenamiento.*
martrogr;Martha Patricia Rodriguez Garcia;Rodriguez Garcia;Martha Patricia;Soporte Nivel 1;CEOH;11810;mrodriguezg@labti.local;Soporte usuario final;Soporte usuario Final;EntrenamientoTI;Medellin;;Entrenamiento.*
ronarolu;Ronald Alexis Rodriguez Luna;Rodriguez Luna;Ronald Alexis;Soporte Nivel 1;CEOH;5106;rarodriguez@labti.local;Soporte usuario final;Soporte usuario Final;EntrenamientoTI;Medellin;;Entrenamiento.*
carlcesa;Carlos Hernando Ceballos Saavedra;Ceballos Saavedra;Carlos Hernando;Soporte Nivel 1;CEM Bogota;14176;cceballoss@labti.local;Soporte usuario final;Soporte usuario Final;EntrenamientoTI;Bogota;;Entrenamiento.*
iridcaaf;Irida Heidi Cavanzo Afanador;Cavanzo Afanador;Irida Heidi;Soporte Nivel 1;CEM Bogota;14126;icavanzo@labti.local;Soporte usuario final;Soporte usuario Final;EntrenamientoTI;Bogota;;Entrenamiento.*
anamcova;Ana Maria Cortes Vargas;Cortes Vargas;Ana Maria;Soporte Nivel 1;CEM Bogota;115;amcortes@labti.local;Soporte usuario final;Soporte usuario Final;EntrenamientoTI;Bogota;;Entrenamiento.*
tanibode;Tania Sofia Bolano De La Hoz;Bolano De La Hoz;Tania Sofia;Soporte Nivel 1;CEM Bogota;114;tbolano@labti.local;Soporte usuario final;Soporte usuario Final;EntrenamientoTI;Bogota;;Entrenamiento.*
miryesgo;Miryam Estupinan Gomez;Estupinan Gomez;Miryam;Soporte Nivel 1;CEM Bogota;11845;mestupinan@labti.local;Soporte usuario final;Soporte usuario Final;EntrenamientoTI;Bogota;;Entrenamiento.*
richgaja;Richard Gandur Jacome;Gandur Jacome;Richard;Soporte Nivel 1;CEOH;55149;rgandur@labti.local;Soporte usuario final;Soporte usuario Final;EntrenamientoTI;Medellin;;Entrenamiento.*
germgisa;German Giraldo Salinas;Giraldo Salinas;German;Soporte Nivel 1;CEOH;23133;ggiraldo@labti.local;Soporte usuario final;Soporte usuario Final;EntrenamientoTI;Medellin;;Entrenamiento.*
mauralga;Mauricio Alvarez Gallo;Alvarez Gallo;Mauricio;Soporte Nivel 1;CEOH;23137;malvarez@labti.local;Soporte usuario final;Soporte usuario Final;EntrenamientoTI;Medellin;;Entrenamiento.*
maurcafi;Mauricio Carvajal Figueroa;Carvajal Figueroa;Mauricio;Soporte Nivel 1;CEOH;23185;mcarvajal@labti.local;Soporte usuario final;Soporte usuario Final;EntrenamientoTI;Medellin;;Entrenamiento.*
saraonva;Sara Onofre Valencia;Onofre Valencia;Sara;Soporte Nivel 1;CEOH;23121;sonofre@labti.local;Soporte usuario final;Soporte usuario Final;EntrenamientoTI;Medellin;;Entrenamiento.*
sergnagu;Sergio Danilo Naza Guzman;Naza Guzman;Sergio Danilo;Soporte Nivel 1;CEOH;23178;snaza@labti.local;Soporte usuario final;Soporte usuario Final;EntrenamientoTI;Medellin;;Entrenamiento.*
patrosgo;Patricia Osorio Gonzalez;Osorio Gonzalez;Patricia;Soporte Nivel 1;CEOH;24707;patrosgo@labti.local;Soporte usuario final;Soporte usuario Final;EntrenamientoTI;Medellin;;Entrenamiento.*
gabrqumo;Gabriela Quintero Moreno;Quintero Moreno;Gabriela;Soporte Nivel 1;CEOH;3142 - 3169;gquintero@labti.local;Soporte usuario final;Soporte usuario Final;EntrenamientoTI;Medellin;;Entrenamiento.*
vivinugu;Vivian Celeste Nunez Guzman;Nunez Guzman;Vivian Celeste;Soporte Nivel 1;CEOH;55163;vnunez@labti.local;Soporte usuario final;Soporte usuario Final;EntrenamientoTI;Medellin;;Entrenamiento.*
isaboymi;Isabel Yoiko Oyola Mizuno;Oyola Mizuno;Isabel Yoiko;Soporte Nivel 1;CEOH;55112;ioyola@labti.local;Soporte usuario final;Soporte usuario Final;EntrenamientoTI;Medellin;;Entrenamiento.*
sonifoga;Sonia Liliana Forero Garzon;Forero Garzon;Sonia Liliana;Soporte Nivel 1;CEM Bogota;78415;sforero@labti.local;Soporte usuario final;Soporte usuario Final;EntrenamientoTI;Bogota;;Entrenamiento.*
beatesgi;Beatriz Elena Escudero Giraldo;Escudero Giraldo;Beatriz Elena;Soporte Nivel 1;CEM Bogota;0;beatesgi@labti.local;Soporte usuario final;Soporte usuario Final;EntrenamientoTI;Bogota;;Entrenamiento.*
germmalo;German Martinez Lopez;Martinez Lopez;German;Soporte Nivel 1;CEM Bogota;128;gmartinez@labti.local;Soporte usuario final;Soporte usuario Final;EntrenamientoTI;Bogota;;Entrenamiento.*
ricagapa;Ricardo Alfonso Galeano Parra;Galeano Parra;Ricardo Alfonso;Soporte Nivel 1;CEM Bogota;14251;rgaleano@labti.local;Soporte usuario final;Soporte usuario Final;EntrenamientoTI;Bogota;;Entrenamiento.*
rafasamu;Rafael Santamaria Munoz;Santamaria Munoz;Rafael;Soporte Nivel 2;CEM Bogota;1301 - 5584;rafasamu@labti.local;Soporte usuario final;Soporte usuario Final;EntrenamientoTI;Bogota;;Entrenamiento.*
marisele;Maria Zoraida Serna Leon;Serna Leon;Maria Zoraida;Soporte Nivel 2;CEOH;1158;mzserna@labti.local;Soporte usuario final;Soporte usuario Final;EntrenamientoTI;Medellin;;Entrenamiento.*
anaimemz;Ana Isabel Mejia Mazo;Mejia Mazo;Ana Isabel;Soporte Nivel 2;CEOH;41269;amejia@labti.local;Soporte usuario final;Soporte usuario Final;EntrenamientoTI;Medellin;;Entrenamiento.*
gemaurve;Gema Cecilia Uribe Velez;Uribe Velez;Gema Cecilia;Soporte Nivel 2;CEOH;41194;guribe@labti.local;Soporte usuario final;Soporte usuario Final;EntrenamientoTI;Medellin;;Entrenamiento.*
luishumo;Luisa Fernanda Hurtado Morales;Hurtado Morales;Luisa Fernanda;Soporte Nivel 2;CEOH;45907;lhurtado@labti.local;Soporte usuario final;Soporte usuario Final;EntrenamientoTI;Medellin;;Entrenamiento.*
clauruay;Claudia Marcela Ruiz Ayala;Ruiz Ayala;Claudia Marcela;Soporte Nivel 2;CEOH;14193;cruiza@labti.local;Soporte usuario final;Soporte usuario Final;EntrenamientoTI;Medellin;;Entrenamiento.*
jhonbaga;Jhon Martin Barrero Gaviria;Barrero Gaviria;Jhon Martin;Soporte Nivel 2;CEOH;81138;JBarrero@labti.local;Soporte usuario final;Soporte usuario Final;EntrenamientoTI;Medellin;;Entrenamiento.*
josesaov;Jose Gregorio Sanabria Ovalle;Sanabria Ovalle;Jose Gregorio;Soporte Nivel 2;CEOH;14140;jsanabria@labti.local;Soporte usuario final;Soporte usuario Final;EntrenamientoTI;Medellin;;Entrenamiento.*
lilisoor;Lilia Patricia Soto Ordonez;Soto Ordonez;Lilia Patricia;Soporte Nivel 2;CEOH;14205;lsoto@labti.local;Soporte usuario final;Soporte usuario Final;EntrenamientoTI;Medellin;;Entrenamiento.*
maripipe;Maria Constanza Pinchao Pereira;Pinchao Pereira;Maria Constanza;Soporte Nivel 2;CEM Bogota;14137;mpinchao@labti.local;Soporte usuario final;Soporte usuario Final;EntrenamientoTI;Bogota;;Entrenamiento.*
martsomo;Marta Ligia Soto Montano;Soto Montano;Marta Ligia;Soporte Nivel 2;CEM Bogota;14243;msoto@labti.local;Soporte usuario final;Soporte usuario Final;EntrenamientoTI;Bogota;;Entrenamiento.*
victoslo;Victoria Eugenia Ospina Lopez;Ospina Lopez;Victoria Eugenia;Soporte Nivel 2;CEM Bogota;14120;vospina@labti.local;Soporte usuario final;Soporte usuario Final;EntrenamientoTI;Bogota;;Entrenamiento.*
ednaarmo;Edna Isbelia Aranda Mora;Aranda Mora;Edna Isbelia;Soporte Nivel 2;CEM Bogota;78406;earanda@labti.local;Soporte usuario final;Soporte usuario Final;EntrenamientoTI;Bogota;;Entrenamiento.*
martesve;Martha Lucia Escobar Velasco;Escobar Velasco;Martha Lucia;Soporte Nivel 2;CEOH;23108;mescobar@labti.local;Soporte usuario final;Soporte usuario Final;EntrenamientoTI;Medellin;;Entrenamiento.*
sergosza;Sergio Alejandro Ospina Zapata;Ospina Zapata;Sergio Alejandro;Soporte Nivel 2;CEOH;0;saospina@labti.local;Soporte usuario final;Soporte usuario Final;EntrenamientoTI;Medellin;;Entrenamiento.*
jennheal;Jenny Amparo Henao Alvarez;Henao Alvarez;Jenny Amparo;Soporte Nivel 2;CEOH;4233;jahenao@labti.local;Soporte usuario final;Soporte usuario Final;EntrenamientoTI;Medellin;;Entrenamiento.*
CLAUBESE;Claudia Maria Berrio Sepulveda;Berrio Sepulveda;Claudia Maria;Soporte Nivel 2;CEOH;249;;Soporte usuario final;Soporte usuario Final;EntrenamientoTI;Medellin;;Entrenamiento.*
tulisaca;Tulia Elvira Saa Caicedo;Saa Caicedo;Tulia Elvira;Soporte Nivel 2;CEOH;;tsaa@labti.local;Soporte usuario final;Soporte usuario Final;EntrenamientoTI;Medellin;;Entrenamiento.*
glormocr;Gloria Teresa Moreno Correa;Moreno Correa;Gloria Teresa;Soporte Nivel 2;CEOH;46928;gtmoreno@labti.local;Soporte usuario final;Soporte usuario Final;EntrenamientoTI;Medellin;;Entrenamiento.*
luismocr;Luis Gerardo Moreno Cardona;Moreno Cardona;Luis Gerardo;Soporte Nivel 2;CEOH;48615;lmorenoc@labti.local;Soporte usuario final;Soporte usuario Final;EntrenamientoTI;Medellin;;Entrenamiento.*
anayrota;Ana Yazmin Robledo Tabares;Robledo Tabares;Ana Yazmin;Soporte Nivel 2;CEOH;47913;arobledo@labti.local;Soporte usuario final;Soporte usuario Final;EntrenamientoTI;Medellin;;Entrenamiento.*
gilmcaju;Gilma Shirley Castano Jurado;Castano Jurado;Gilma Shirley;Soporte Nivel 2;CEM Bogota;;gscastano@labti.local;Soporte usuario final;Soporte usuario Final;EntrenamientoTI;Bogota;;Entrenamiento.*
GlorReAr;Gloria Maria Restrepo Areiza;Restrepo Areiza;Gloria Maria;Soporte Nivel 2;CEM Bogota;47302;gmrestrepo@labti.local;Soporte usuario final;Soporte usuario Final;EntrenamientoTI;Bogota;;Entrenamiento.*
GabrMoMo;Gabriel Jaime Montoya Montoya;Montoya Montoya;Gabriel Jaime;Analista Nivel 1;CEM Bogota;47321;gjmontoya@labti.local;Analista Plataforma Windows;Infraestructura Tecnologica;EntrenamientoTI;Bogota;;Entrenamiento.*
JohnRaUr;John Eugenio Rave Uribe;Rave Uribe;John Eugenio;Analista Nivel 1;CEM Bogota;47305;jerave@labti.local;Analista Plataforma Windows;Infraestructura Tecnologica;EntrenamientoTI;Bogota;;Entrenamiento.*
juangamj;Juan Carlos Gallego Mejia;Gallego Mejia;Juan Carlos;Analista Nivel 1;CEM Bogota;45396;jcgallego@labti.local;Analista Plataforma Windows;Infraestructura Tecnologica;EntrenamientoTI;Bogota;;Entrenamiento.*
YaneZuLo;Yanet Arledi Zuleta Londono;Zuleta Londono;Yanet Arledi;Analista Nivel 1;CEM Bogota;45975;yzuleta@labti.local;Analista Plataforma Windows;Infraestructura Tecnologica;EntrenamientoTI;Bogota;;Entrenamiento.*
LuzaCaMe;Luz Amparo Cano Mesa;Cano Mesa;Luz Amparo;Analista Nivel 1;CEM Bogota;47308;lacano@labti.local;Analista Plataforma Windows;Infraestructura Tecnologica;EntrenamientoTI;Bogota;;Entrenamiento.*
LuzePuJi;Luz Elena Pulgarin Jimenez;Pulgarin Jimenez;Luz Elena;Analista Nivel 1;CEM Bogota;47316;lpulgarin@labti.local;Analista Plataforma Windows;Infraestructura Tecnologica;EntrenamientoTI;Bogota;;Entrenamiento.*
ivancaal;Ivan Castano Alzate;Castano Alzate;Ivan;Analista Nivel 1;CEOH;7950;icastano@labti.local;Analista Plataforma Windows;Infraestructura Tecnologica;EntrenamientoTI;Medellin;;Entrenamiento.*
emilronu;Emilsen Yolanda Rodriguez Nunez;Rodriguez Nunez;Emilsen Yolanda;Analista Nivel 1;CEOH;13065;eyrodriguez@labti.local;Analista Plataforma Windows;Infraestructura Tecnologica;EntrenamientoTI;Medellin;;Entrenamiento.*
juandete;Juan Carlos De La Hoz Teran;De La Hoz Teran;Juan Carlos;Analista Nivel 1;CEOH;55121;jcdelahoz@labti.local;Analista Plataforma Windows;Infraestructura Tecnologica;EntrenamientoTI;Medellin;;Entrenamiento.*
javicomn;Javier Enrique Cordoba Mondragon;Cordoba Mondragon;Javier Enrique;Analista Nivel 1;CEOH;23134;jcordoba@labti.local;Analista Plataforma Windows;Infraestructura Tecnologica;EntrenamientoTI;Medellin;;Entrenamiento.*
ivanvero;Ivan Dario Velez Rodas;Velez Rodas;Ivan Dario;Analista Nivel 1;CEOH;47358;ivelez@labti.local;Analista Plataforma Linux;Infraestructura Tecnologica;EntrenamientoTI;Medellin;;Entrenamiento.*
PaolHeHe;Paola Andrea Herreno;Herreno;Paola Andrea;Analista Nivel 1;CEOH;232;pherreno@labti.local;Analista Plataforma Linux;Infraestructura Tecnologica;EntrenamientoTI;Medellin;;Entrenamiento.*
ElizMoMa;Elizabeth Morales Marulanda;Morales Marulanda;Elizabeth;Analista Nivel 1;CEOH;230;emoralesm@labti.local;Analista Plataforma Linux;Infraestructura Tecnologica;EntrenamientoTI;Medellin;;Entrenamiento.*
albarome;Alba Myriam Rodas Merchan;Rodas Merchan;Alba Myriam;Analista Nivel 1;CEOH;68479;arodas@labti.local;Analista Plataforma Windows;Infraestructura Tecnologica;EntrenamientoTI;Medellin;;Entrenamiento.*
Integral;Integral Armenia;;;Analista Nivel 1;CEOH;Areviado 7366;;Analista Plataforma Windows;Infraestructura Tecnologica;EntrenamientoTI;Medellin;;Entrenamiento.*
sandvehe;Sandra Milena Vera Herrera;Vera Herrera;Sandra Milena;Analista Nivel 1;CEOH;227;sandravera@labti.local;Analista Plataforma Windows;Infraestructura Tecnologica;EntrenamientoTI;Medellin;;Entrenamiento.*
doramezu;Dora Alba Mejia Zuluaga;Mejia Zuluaga;Dora Alba;Analista Nivel 1;CEOH;41871;dmejia@labti.local;Analista Plataforma Windows;Infraestructura Tecnologica;EntrenamientoTI;Medellin;;Entrenamiento.*
claucaji;Claudia Yaneth Casallas Jimenez;Casallas Jimenez;Claudia Yaneth;Analista Nivel 1;CEOH;119;ccasallas@labti.local;Analista Plataforma Windows;Infraestructura Tecnologica;EntrenamientoTI;Medellin;;Entrenamiento.*
dubimaos;Mauricio Maya Osorio;Maya Osorio;Mauricio ;Analista Nivel 1;CEOH;45916;dmaya@labti.local;Analista Plataforma Windows;Infraestructura Tecnologica;EntrenamientoTI;Medellin;;Entrenamiento.*
claujaca;Claudia Elena Jaramillo Calle;Jaramillo Calle;Claudia Elena;Analista Nivel 2;CEOH;47114;cejaramillo@labti.local;Analista Plataforma Windows;Infraestructura Tecnologica;EntrenamientoTI;Medellin;;Entrenamiento.*
monigoza;Monica Maria Gomez Zapata;Gomez Zapata;Monica Maria;Analista Nivel 2;CEOH;47120;mmgomezz@labti.local;Analista Plataforma Windows;Infraestructura Tecnologica;EntrenamientoTI;Medellin;;Entrenamiento.*
leidmegi;Leidy Johanna Mesa Gil;Mesa Gil;Leidy Johanna;Analista Nivel 2;CEOH;45102;ljmesa@labti.local;Analista Plataforma Linux;Infraestructura Tecnologica;EntrenamientoTI;Medellin;;Entrenamiento.*
hiliguja;Hiliana Maria Gutierrez Jaramillo;Gutierrez Jaramillo;Hiliana Maria;Analista Nivel 2;CEOH;41186;hgutierrez@labti.local;Analista Plataforma Linux;Infraestructura Tecnologica;EntrenamientoTI;Medellin;;Entrenamiento.*
paulissa;Paula Andrea Isaza Salazar;Isaza Salazar;Paula Andrea;Analista Nivel 2;CEOH;47022;pisaza@labti.local;Analista Plataforma Windows;Infraestructura Tecnologica;EntrenamientoTI;Medellin;;Entrenamiento.*
julivabo;Julia Leonor Valencia Botero;Valencia Botero;Julia Leonor;Analista Nivel 2;CEM Bogota;;;Analista Plataforma Windows;Infraestructura Tecnologica;EntrenamientoTI;Bogota;;Entrenamiento.*
gladcaqu;Gladys Cardona Quintero;Cardona Quintero;Gladys;Analista Nivel 2;CEM Bogota;68131;gcardona@labti.local;Analista Plataforma Linux;Infraestructura Tecnologica;EntrenamientoTI;Bogota;;Entrenamiento.*
glordase;Gloria Clemencia Davila Sepulveda;Davila Sepulveda;Gloria Clemencia;Analista Nivel 2;CEM Bogota;68110;gdavila@labti.local;Analista Plataforma Linux;Infraestructura Tecnologica;EntrenamientoTI;Bogota;;Entrenamiento.*
marivagr;Maria Jazmin Valencia Garcia;Valencia Garcia;Maria Jazmin;Analista Nivel 3;CEOH;68101;mjvalenciag@labti.local;Analista Plataforma Windows;Infraestructura Tecnologica;EntrenamientoTI;Medellin;;Entrenamiento.*
martansi;Martha Dennis Andrade Sierra;Andrade Sierra;Martha Dennis;Analista Nivel 3;CEOH;15018;mdandrade@labti.local;Analista Plataforma Windows;Infraestructura Tecnologica;EntrenamientoTI;Medellin;;Entrenamiento.*
isabmaag;Isabel Mayorga Aguirre;Mayorga Aguirre;Isabel;Analista Nivel 3;CEOH;;imayorga@labti.local;Analista Plataforma Linux;Infraestructura Tecnologica;EntrenamientoTI;Medellin;;Entrenamiento.*
nelsalva;Nelsy Yaneth Alfonso Vaca;Alfonso Vaca;Nelsy Yaneth;Analista Nivel 3;CEOH;13459;nalfonso@labti.local;Analista Plataforma Linux;Infraestructura Tecnologica;EntrenamientoTI;Medellin;;Entrenamiento.*
rafacaro;Rafael Armando Campo Romero;Campo Romero;Rafael Armando;Ingeniero de Implantacion;CEOH;13417;racampo@labti.local;Ingeniero de implantaciones;Infraestructura Tecnologica;EntrenamientoTI;Medellin;;Entrenamiento.*
caroclar;Carolina Maria Cleves Arias;Cleves Arias;Carolina Maria;Ingeniero de Implantacion;CEM Bogota;13103;ccleves@labti.local;Ingeniero de implantaciones;Infraestructura Tecnologica;EntrenamientoTI;Bogota;;Entrenamiento.*
karocava;Karol Nayibe Cantor Vanegas;Cantor Vanegas;Karol Nayibe;Ingeniero de Implantacion;CEOH;15089;kcantor@labti.local;Ingeniero de implantaciones;Infraestructura Tecnologica;EntrenamientoTI;Medellin;;Entrenamiento.*
luisrisa;Luis Eduardo Ricaurte Sanchez;Ricaurte Sanchez;Luis Eduardo;Ingeniero de Implantacion;CEOH;11070;lricaurte@labti.local;Ingeniero de implantaciones;Infraestructura Tecnologica;EntrenamientoTI;Medellin;;Entrenamiento.*
omaicama;Omaira Caicedo Malagon;Caicedo Malagon;Omaira;Ingeniero de Implantacion;CEM Bogota;12868;ocaicedo@labti.local;Ingeniero de implantaciones;Infraestructura Tecnologica;EntrenamientoTI;Bogota;;Entrenamiento.*
clauvagr;Claudia Bibiana Valencia Grajales;Valencia Grajales;Claudia Bibiana;Ingeniero de Implantacion;CEM Bogota;15752;cbvalencia@labti.local;Ingeniero de implantaciones;Infraestructura Tecnologica;EntrenamientoTI;Bogota;;Entrenamiento.*
GlorOlGo;Gloria Ines Olarte Gonzalez;Olarte Gonzalez;Gloria Ines;Ingeniero de Implantacion;CEOH;45619;golarte@labti.local;Ingeniero de implantaciones;Infraestructura Tecnologica;EntrenamientoTI;Medellin;;Entrenamiento.*
adricaos;Adriana Maria Castro Ospina;Castro Ospina;Adriana Maria;Coordinador Plataforma windows;CEOH;14119;acastro@labti.local;Coordinador IT;Infraestructura Tecnologica;EntrenamientoTI;Medellin;;Entrenamiento.*
hernzaga;Hernan Alberto Zapata Gallo;Zapata Gallo;Hernan Alberto;Coordinador Plataforma windows;CEOH;41231;hzapatag@labti.local;Coordinador IT;Infraestructura Tecnologica;EntrenamientoTI;Medellin;;Entrenamiento.*
hildmart;Hilda Marina Maya Restrepo;Maya Restrepo;Hilda Marina;Coordinador Plataforma Linux;CEOH;23138;hmaya@labti.local;Coordinador IT;Infraestructura Tecnologica;EntrenamientoTI;Medellin;;Entrenamiento.*
